,degree,count,pct
0,PhD,672,0.23529411764705882
1,Masters,1025,0.3588935574229692
2,Bachelors Degree,1038,0.3634453781512605
